{
	"description": "项目配置文件。",
	"packOptions": {
		"ignore": []
	},
	"setting": {
		"urlCheck": false,
		"es6": true,
		"postcss": true,
		"minified": true,
		"newFeature": true
	},
	"compileType": "miniprogram",
	"libVersion": "2.2.0",
	"appid": "wx43123493d7bae872",
	"projectname": "%E5%88%9D%E5%AE%B6%E5%8F%8B%E5%93%81-%E6%8B%BC%E5%9B%A2%E6%B4%BB%E5%8A%A8",
	"isGameTourist": false,
	"condition": {
		"search": {
			"current": -1,
			"list": []
		},
		"conversation": {
			"current": -1,
			"list": []
		},
		"plugin": {
			"current": -1,
			"list": []
		},
		"game": {
			"currentL": -1,
			"list": []
		},
		"miniprogram": {
			"current": -1,
			"list": [
				{
					"id": 0,
					"name": "other",
					"pathName": "pages/product/product-detail",
					"query": "ActivityId=142&ProductId=95"
				},
				{
					"id": 1,
					"name": "confirm",
					"pathName": "pages/order/order-confirm",
					"query": "SpecId=99&GActivityId=142"
				},
				{
					"id": 2,
					"name": "myorder",
					"pathName": "pages/mycollage/mycollage",
					"query": "SpecId=88&GActivityId=111"
				},
				{
					"id": 3,
					"name": "group",
					"pathName": "pages/group/group-result",
					"query": "GroupBuyId=155&OrderNo=TD180803700348&no=TD180806400758"
				},
				{
					"id": 4,
					"name": "detail",
					"pathName": "pages/order/order-detail",
					"query": "OrderNo=TD180806000484"
				},
				{
					"id": -1,
					"name": "welcome",
					"pathName": "pages/welcome/welcome",
					"query": "ActivityId=142&ProductId=95"
				},
				{
					"id": -1,
					"name": "state",
					"pathName": "pages/state/state",
					"query": ""
				},
				{
					"id": -1,
					"name": "log",
					"pathName": "pages/logistics/logistics",
					"query": ""
				}
			]
		}
	}
}